ردیف,کد پست,نوع,تاریخ انتشار,تعداد لایک,تعداد کامنت,ویو / پلی,لینک اینستاگرام,کپشن
1,DdO_67qIydL,تک عکس,2026-09-13 20:18,102,6,-,https://www.instagram.com/p/DdO_67qIydL/,از اونجایی که اینروزا همه رفتن دهه ۸۰ میلادی و دهه ۶۰ شمسی منم خواستم یه عکس اون سبکی واسه پیجم داشته باشم 🥲🙈
2,DdMcp6kIGEs,ریلز,2026-09-12 20:28,108,12,3739,https://www.instagram.com/p/DdMcp6kIGEs/,⁨	اگه تحمل نداری تا سفارشت برسه این پست واسه توئه 🤩 چرا؟؟؟ چون همه‌ی این آیتم ها موجود در ایران هستن 🌸 واسه دیدن بقیه آیتم ها ویدیو پارت یک رو ببینین و هایلایت موجودی ها رو چک کنید😍⁩
3,DdBer2RFUTp,اسلایدی,2026-09-08 14:02,14,1,-,https://www.instagram.com/p/DdBer2RFUTp/,این آف ۵۰٪ کلوین کلاین فقط تا فردا صبح اعتبار داره 😱 پس امروز هرچی که میخواین رو سفارش بدین 🥰 تعداد آیتم ها خیلی زیاده 😍 استوری ها رو چک کنید ولی بازم من همه رو نمیتونم بذارم واستون  پس بهم دایرکت بدین تا لینک واستون بفرستم 🤍  #کلوین_کلاین #تخفیف #کانادا #آنلاین_شاپ #سرینو
4,Dc6aa5TIMQx,ریلز,2026-09-05 20:19,107,8,1521,https://www.instagram.com/p/Dc6aa5TIMQx/,یکی بخر ۲تا ببر 🤭 واسه ثبت سفارش کافیه بهم دایرکت بدی 🥰  #کمربند #آنلاین_شاپ #onlineshop #کلوین_کلاین #calvinklein
5,Dc0bZCnoNbB,ریلز,2026-09-03 13:33,101,2,1777,https://www.instagram.com/p/Dc0bZCnoNbB/,هر کی برده راضی بوده 😁😁  #آنلاین_شاپ #لگ_بوتکات #ترندیول #سفارش_از_ترکیه #onlineshop
6,DclNVLiISDp,ریلز,2026-08-28 14:36,121,7,2903,https://www.instagram.com/p/DclNVLiISDp/,اگه میخوای واسه کسی هدیه بگیری و میخوای که سریع به دستت برسه، آیتم های موجود در ایران رو از دست نده 🙈😍
7,DcbgJvjCMvi,اسلایدی,2026-08-24 20:04,16,0,-,https://www.instagram.com/p/DcbgJvjCMvi/,لباسی که توی خونه میپوشیم رو فقط خودمون میبینیم، پس وقتی بهش اهمیت بدی یعنی به خودت اهمیت دادی 🥰🙈
8,DcLUaKho_Qe,ریلز,2026-08-18 13:14,122,8,4307,https://www.instagram.com/p/DcLUaKho_Qe/,شما خرید آنلاین رو ترجیح میدین یا حضوری ؟ 💁🏽‍♀️
9,Db-c3EOiDFu,اسلایدی,2026-08-13 13:17,11,0,-,https://www.instagram.com/p/Db-c3EOiDFu/,⁨	نه تنها تیشرت بلکه تامی کلی محصول دیگه هم توی آف داره 😍  هم زنونه ، هم مردونه 🥹 واسه دریافت لینک بهم دایرکت بدین قیمت و سایز های موجود این تیشرتارو هم واستون استوری می‌کنم 🙈  #TommyHilfiger #سفارش_از_ترکیه #تیشرت_مردونه⁩
10,DbyvsFZx3pU,ریلز,2026-08-09 00:22,119,7,3459,https://www.instagram.com/p/DbyvsFZx3pU/,⁨	⁨	تا سفارش از ترکیه رو شروع کردم با استقبال خوب شما روبرو شدم و‌ ذوقی‌ترینم 🥹 مرسی از اعتمادتون 🤍⁩⁩
11,Db09O5_CGyO,اسلایدی,2026-08-09 20:47,18,1,-,https://www.instagram.com/p/Db09O5_CGyO/,همه‌ی این کتونی های Pull&Bear توی تخفیف هستن و قیمتاشون خیلی خوب شده 😍 واسه قیمت استوری هارو‌ چک کنید یا عکسشو توی دایرکت بفرستین و من قیمتشو بهتون میگم 🩷
12,DbqsdKUIm5A,ریلز,2026-08-05 21:15,181,15,8153,https://www.instagram.com/p/DbqsdKUIm5A/,ما سفارشارو در اسرع وقت به دستتون میرسونیم 😍  و اینم از اولین پارت سفارش ترکیه 🙈  #آنلاین_شاپ #سفارش_ترکیه
13,DbsLcIwiKpI,اسلایدی,2026-08-06 10:58,17,2,-,https://www.instagram.com/p/DbsLcIwiKpI/,بعضیاشون رنگ بندی دارن 🙈 بهم دایرکت بدین واستون میفرستم 😍👻
14,DbkhnlAolOl,ریلز,2026-08-03 11:41,23,1,1363,https://www.instagram.com/p/DbkhnlAolOl/,اگه دوست داری سفارشت فوری به دستت برسه، آیتم هایی که توی ایران موجود می‌کنم رو از دست نده چون همشون از کانادا رسیدن و موجودیشون محدوده 🇨🇦🙈😍🇮🇷
15,Dbfw49biE-4,اسلایدی,2026-08-01 15:16,25,1,-,https://www.instagram.com/p/Dbfw49biE-4/,همه‌ی اسلاید های این پست از برند اویشو شدن فقط و فقط ۳،۹۰۰ت با احتساب باربری 😍 فرصت خیلی خوبیه که نباید از دستش بدین🙈 واسه ثبت سفارش بهم دایرکت بدین 🤩  ________________ #اویشو #سفارش_از_ترکیه
16,Dbcm6IAI_YR,ریلز,2026-07-31 09:54,68,2,2751,https://www.instagram.com/p/Dbcm6IAI_YR/,⁨	شما به جاش چی میخرین؟؟ 🫠⁩
17,DbSnPwyAu9Yo5hh4d9_AnYaWsSFo2h95dlQKgw0,اسلایدی,2026-07-27 12:41,313,23,-,https://www.instagram.com/p/DbSnPwyAu9Yo5hh4d9_AnYaWsSFo2h95dlQKgw0/,اینم از داستان من🦋🤍
18,Da2vpaCiNdK,اسلایدی,2026-07-16 16:56,15,0,-,https://www.instagram.com/p/Da2vpaCiNdK/,این کیف یکی از خوشرنگ ترین ها و خاص‌ترین کیف‌هاییه که میتونین داشته باشین پس از دستش ندین چون قیمتش عالی شده 🙊  ______________________ #کیف #USPOLOASSN #خرید_از_ترکیه #سفارش_از_ترکیه #Turkey
19,Dacx1JYohyK,تک عکس,2026-07-06 15:21,14,0,-,https://www.instagram.com/p/Dacx1JYohyK/,استوری ها رو از دست ندین که دارم آیتم های موجود رو میذارم واستون 😍  #موجود_در_ایران #آنلاین_شاپ #کیف #پولو #تامی
20,DaRE_gpoFwW,ریلز,2026-07-02 02:04,41,0,3442,https://www.instagram.com/p/DaRE_gpoFwW/,انتظارها به پایان رسید 😂 بالاخره میتونیم از تخفیفای ترکیه هم استفاده کنیم و کلی خرید خوب با هم داشته باشیم 😍💃🏽🛍️  #خرید_از_ترکیه #سفارش_از_ترکیه #🇹🇷 #سفارش_آنلاین
21,DaNK5H1IfvX,تک عکس,2026-06-30 13:31,14,0,-,https://www.instagram.com/p/DaNK5H1IfvX/,به مناسبت برگشتمون نمیدونین وارد چه حراج هیجان انگیزی شدیممم 😍  حراج آخر فصل نمشی هست و تا ۹۰٪ تخفیف داریم روی یه سری آیتم های مشخص 🤭 اصلا این فرصت رو از دست ندین 💃🏽 #دبی #خرید_از_دبی #فروش_آنلاین #نمشی #تخفیف_آخر_فصل
22,DS25W-PiHFx,اسلایدی,2025-12-29 22:09,12,0,-,https://www.instagram.com/p/DS25W-PiHFx/,از میزان علاقه‌ام بهش هرچی بگم کم گفتم 🥹 هم ساده‌ست، هم نیست 🥹 هم اداییه، هم نیست 🤭 فوق العاده کاربردیه واسه اکثر استایل ها ✌🏽 واسه استعلام قیمت و موجودی از طریق واتساپ یا دایرکت به من پیام بدین🥰 _______________________ #سرینو #آنلاین_شاپ #sarino #onlineshop #Guess
23,DSojt7mCH8d,اسلایدی,2025-12-24 08:31,20,0,-,https://www.instagram.com/p/DSojt7mCH8d/,Tommy Jeans ♥️ این کاپشن تامی با اختلاف یکی از جذاب ترین آیتماییه که واسه زمستون میتونی داشته باشی 😍 شما دیتیل پشت یقشو نگاه کنید آخه 🥹 واسه استعلام موجودی و قیمت از طریق دایرکت یا واتساپ با من در ارتباط باشین 🙈 _______________________ #سرینو #آنلاین_شاپ #تامی_جینز #sarino #کاپشن
24,DaNAZpBI67N,ریلز,2026-06-30 11:59,32,1,1700,https://www.instagram.com/p/DaNAZpBI67N/,«دل و دماغ کار کردن نداشتن» رو به معنای واقعی حس کردم این مدت ولی I AM FINALLY BACK 😍💃🏽
25,DSX8ZYQiOGh,اسلایدی,2025-12-17 21:40,21,1,-,https://www.instagram.com/p/DSX8ZYQiOGh/,Lacoste 🐊 ساعت اسپورت با بند سیلیکونی ولی شیک 👌🏽 سادگی و رنگش بی نظیره ☺️ قیمتشم خیلی خوب شده 😏 واسه اطلاع از قیمت و ثبت سفارش دایرکت یا واتساپ بهم پیام بده 📥 ___________________________ #سرینو #آنلاین_شاپ #ساعت #خرید_از_دبی #سفارش_از_دبی #سفارشی #لاکوست #سورمه‌ای #sarino #onlineshop #watch #dubai #shopping
26,DSUoxMriDKn,اسلایدی,2025-12-16 14:50,20,1,-,https://www.instagram.com/p/DSUoxMriDKn/,یه کفش خوش قیمت و خوش رنگ و با کیفیت ✌🏽 کی گفته رنگلر فقط شلوار جیناش خوبه؟  برای استعلام قیمت، سایز و ثبت سفارش از طریق دایرکت یا واتساپ با من در ارتباط باشید 🥰 _________________________ #سرینو #آنلاین_شاپ #کفش #رنگلر #کتونی #سفارش_از_دبی #خرید_از_دبی #سفارش_آنلاین #سفارشی #sarino #onlineshop #wrangler #dubai #shopping #sneakers #formen
27,DSZgWCgCMAc,اسلایدی,2025-12-18 12:13,14,0,-,https://www.instagram.com/p/DSZgWCgCMAc/,H&M 🫶🏽 یه بافت خیلی خوشگل از برند اچ اند ام 🙈 یقشو میتونید به ۲ حالت استایل کنید 😍 این مدل هیچوقت از مد نمیوفته و همیشه کاربرد داره 😈 قیمتشو توی استوری ها میتونید ببینید ✌🏽 واسه ثبت سفارش و استعلام سایز هم میتونید بهم دایرکت یا واتساپ پیام بدین 🥰 _______________________ #سرینو #آنلاین_شاپ #خرید_از_دبی #سفارش_از_دبی #اچ_اند_ام #بافت #سفارشی #sarino #onlineshop #dubai #shopping #knitwear #hm
28,DSZhkzdCKnC,ریلز,2025-12-18 12:29,151,16,3082,https://www.instagram.com/p/DSZhkzdCKnC/,منو ببخش اگه کشیدم رو قلب تو یه خش 💔🫠
29,DSQTA2UiGLB,ریلز,2025-12-14 22:30,154,4,3172,https://www.instagram.com/p/DSQTA2UiGLB/,No More Bare Minimum Ladies 💁🏽‍♀️
30,DSX6iCAiBSE,تک عکس,2025-12-17 21:23,9,2,-,https://www.instagram.com/p/DSX6iCAiBSE/,پک ضد آفتاب ویچی ☀️ اگه دنبال یه ضد آفتاب خیلی خوب هستی درست اومدی چون:   این ضد آفتاب از برند ویچی مناسب پوست نرمال تا خشکه SPF 50+ محافظت بسیار بالا در برابر UVA و UVB داره  بافت مخملی داره که کمک به یکدست‌تر دیده شدن پوست میکنه مناسب استفاده روزانه و زیر آرایش هم هست  واسه استعلام قیمت و ثبت سفارش بهم دایرکت یا واتساپ پیام بده 🥰 ____________________________  #سرینو #آنلاین_شاپ #ضد_آفتاب #ویچی #خرید_از_دبی #سفارش_از_دبی  #sarino #onlineshop #vichy #dubai #shopping
31,DSQBGakiGZ3,اسلایدی,2025-12-14 19:47,10,1,-,https://www.instagram.com/p/DSQBGakiGZ3/,آقایون خاص پسند و خوش سلیقه زمستون امسال نباید این جکت جذاب و از دست بدن 🤭 از مدلش بگم؟ از رنگش بگم؟ از کیفیتش بگم؟ از چی بگم؟ 🥹 واسه اطلاع از قیمت و موجودی سایز و ثبت سفارش بهم دایرکت یا واتساپ پیام بدین 🦥 _________________________ #سرینو #آنلاین_شاپ #خرید_از_دبی #سفارش_از_دبی #آندرآرمر #جکت #کاپشن #sarino #onlineshop #dubai #shopping #online #underarmour #jacket
32,DSP9bQjiI50,اسلایدی,2025-12-14 19:15,15,1,-,https://www.instagram.com/p/DSP9bQjiI50/,مگه از شلوار جینای زارا بهترم داریم؟😍 مدل خوشگل ، رنگ جذاب ، کیفیت عالی 🙈 اگه دوسش داشتی واسه ثبت سفارش بهم دایرکت یا واتساپ پیام بده 🥰 _______________________ #سرینو #آنلاین_شاپ #خرید_از_دبی #سفارش_از_دبی #سفارش_آنلاین #زارا #شلوار_جین #sarino #onlineshop #dubai #shopping #zara #jeans
33,DRWkZbYiPxJ,اسلایدی,2025-11-22 12:19,16,0,-,https://www.instagram.com/p/DRWkZbYiPxJ/,Guess 🙈 یه کتونی گس مردونه جذاب و متفاوت 🥰 از سایز ۴۰ تا ۴۶ موجوده و قیمتش خیلی خوب شده 🫠 اگه دوستش داشتی دایرکت یا واتساپ بهم پیام بده تا راهنماییت کنم 🤩 _________________________ #سرینو #آنلاین_شاپ #خرید_از_ایتالیا #سفارش_از_ایتالیا #گس #کتونی #guess #sarino #onlineshop #italy #shopping #sneakers
34,DSKAx-bCL_C,ریلز,2025-12-12 11:52,32,4,924,https://www.instagram.com/p/DSKAx-bCL_C/,تا آخر ماه پول نداشته باشم اما تورو داشته باشم 🥹💕
35,DRXiF52CCrT,اسلایدی,2025-11-22 21:18,18,3,-,https://www.instagram.com/p/DRXiF52CCrT/,On Running 🏃🏽‍♀️ هرچی از خوشگلی و خوش رنگی این هودیای آن رانینگ بگم کم گفتم 😍 هم مردونه داره هم زنونه 🥹 الانم که قیمتاش خیلی خوب شده 🤩 واسه ثبت سفارش میتونی بهم توی دایرکت یا واتساپ پیام بدی 🥰 __________________________ #سرینو #آنلاین_شاپ #آن #آن_رانینگ #خرید_از_کانادا #سفارش_از_کانادا #خرید_از_ایتالیا #سفارش_از_ایتالیا #هودی #sarino #onlineshop #hoodie #on #onrunning #canada #italy #shopping
36,DRrKAhziOsg,ریلز,2025-11-30 12:15,103,5,2913,https://www.instagram.com/p/DRrKAhziOsg/,سفر دوست دارم خب 🫠
37,DSFubJhCGld,اسلایدی,2025-12-10 19:51,24,0,-,https://www.instagram.com/p/DSFubJhCGld/,همیشه دوست داشتم یه پاندورا داشته باشم و اطرافیانم واسه هر مناسبتی، چارمشو بهم هدیه بدن 🥹  مگه داریم از این خاص تر و جذاب تر؟ ✨ واسه اطلاع از قیمت و ثبت سفارش بهم دایرکت بده 🥰 ____________________________ #سرینو #آنلاین_شاپ #خرید_از_دبی #سفارش_از_دبی #پاندورا #چارم #دستبند #سفارشی #sarino #onlineshop #dubai #shopping #pandora #bracelet #charm
38,DRiB8M9iH6y,ریلز,2025-11-26 23:11,19,3,572,https://www.instagram.com/p/DRiB8M9iH6y/,کیف پاسپورت واسه سفر بعدیت خریدی؟ 🙈
39,DREiM26CPp0,اسلایدی,2025-11-15 12:14,11,0,-,https://www.instagram.com/p/DREiM26CPp0/,Michael Kors 🦋 هرچی از خوشکلیه رنگش بگم کم گفتم 🥲 تازه ۲ رو هم هست و کلی میتونه کاربردی باشه واستون چون یک طرفش آبیه و یک طرفش قهوه‌ایه 🩵🐻 قیمتش عالی شده همه‌ی سایزاش موجوده 😻 واسه ثبت سفارش بهم دایرکت بده 🥳 __________________________ #سرینو #آنلاین_شاپ #خرید_از_ایتالیا #سفارش_از_ایتالیا #کمربند #مایکل_کورس #سفارشی #sarino #onlineshop #italy #shopping #belt #michaelkors
40,DRJoKFWCGzg,ریلز,2025-11-17 11:45,60,5,999,https://www.instagram.com/p/DRJoKFWCGzg/,چی شما رو خوشحال میکنه؟🩷
41,DREeE5UiHfa,اسلایدی,2025-11-15 11:38,9,0,-,https://www.instagram.com/p/DREeE5UiHfa/,Guess 🤍 این بادی از اون چیزاییه که هیچوقت از خریدش پشیمون نمیشی 😍 بودنش توی کمد هر دختری جزو واجباته 🙈 انقدر پر طرفداره که سایزاش تموم میشه و دوباره شارژ میشه با قیمت عالی 🥰 اگه دوستش داری بهم دایرکت بده تا قیمتشو بهت بدم و واست ثبت سفارش کنم 📥 _______________________ #سرینو #آنلاین_شاپ #خرید_از_ایتالیا #سفارش_از_ایتالیا #گس #بادی #سفارش #آنلاین #sarino #onlineshop #dubai #shopping #guess #body
42,DQ68feFCGom,اسلایدی,2025-11-11 18:51,24,1,-,https://www.instagram.com/p/DQ68feFCGom/,Tommy Hilfiger 🤌🏽 یه گزینه خیلی مناسب واسه آقایونی که ساعت با بند چرم دوست دارن 😍 قیمتش هم خیلی خوب شده 🥰 واسه استعلام قیمت و موجودی و ثبت سفارش بهم دایرکت بده تا راهنماییت کنم 📥 ______________ #سرینو #آنلاین_شاپ #خرید_از_دبی #سفارش_از_دبی #تامی_هیلفیگر #ساعت #کادو #sarino #onlineshop #dubai #shopping #tommyhilfiger #watch
43,DQvzwxECM1u,اسلایدی,2025-11-07 11:03,18,0,-,https://www.instagram.com/p/DQvzwxECM1u/,GAP 🤭 کسایی که Moon Boot دوست دارن ولی نمیخوان اونقدر هزینه کنن این بوت گزینه خیلی خوبیه واسشون چون قیمتش بی نظیره و هر چی از خوشکلیش بگم کم گفتم 🫠 اگه دوسش داشتی واسه ثبت سفارش بهم دایرکت بده 😍 _________________________ #سرینو #آنلاین_شاپ #گپ #بوت #نقره‌ای #مون_بوت #خرید_از_دبی #سفارش_از_دبی #سفارشی #sarino #onlineshop #gap #boots #silver #dubai #shopping #moonboot
44,DQtTNCGiNFB,اسلایدی,2025-11-06 11:40,10,3,-,https://www.instagram.com/p/DQtTNCGiNFB/,Michael Kors 🦋 مایکل کورس روی یه سری از آیتم ها ۱۵٪ اکسترا آف داره و حراجش بی نظیره😍  این فرصت خرید رو نباید از دست بدید 😱 واسه ثبت سفارش و استعلام موجودی و قیمت بهم دایرکت بدین 📥 یا اگه آیتمی مد نظرتون هست واسم بفرستین 🥰 __________________________ #سرینو #آنلاین_شاپ #مایکل_کورس #کیف #تخفیف #خرید_از_کانادا #سفارش_از_کانادا #sarino #onlineshop #michaelkors #bag #canada #shopping #blackfriday #بلک_فرایدی
45,DQwH4mJiAeK,ریلز,2025-11-07 14:01,117,9,3149,https://www.instagram.com/p/DQwH4mJiAeK/,شما به آقایی چی میگین؟ 😂
46,DQqqgpPiOvd,اسلایدی,2025-11-05 11:06,9,0,-,https://www.instagram.com/p/DQqqgpPiOvd/,Nike 🥵 آقایون میتونن با این کاپشن نایک استایل زمستونشونو جمع کنن به نظرم انقدر که جذابه 🤌🏽 گرم، سنگین، خوش رنگ و کاربردی، آیتمی که سال ها میتونه واستون کارایی داشته باشه 🥹 واسه استعلام قیمت، موجودی و سایز بهم دایرکت بدین تا راهنماییتون کنم 🥰 _______________________  #سرینو #آنلاین_شاپ #نایک #کاپشن #خرید_از_دبی #سفارش_از_دبی #سفارشی #sarino #onlineshop #nike #jacket #hoodie #dubai #shopping
47,DQkX9v3iH3I,ریلز,2025-11-03 08:19,38,2,1504,https://www.instagram.com/p/DQkX9v3iH3I/,ببینید چی موجود کردم واستون 😍 یه آیتم فوق العاده مخصوصا واسه کادو ✨ هم باکس داره هم جمع و جوره و قیمتش مناسبه 🤩
48,DQj_XwYiImT,اسلایدی,2025-11-02 20:54,11,0,-,https://www.instagram.com/p/DQj_XwYiImT/,Kiko Milano 💄 به سِت جذاب دیگه از کیکو میلانو با یه قیمت فوق العاده 😍 یعنی شما اگه هر کدوم از آیتم های این سِت رو بخواین جدا بگیرید قیمتش خیلی بیشتر میشه 🫣 واسه خریدش شک نکن و سریع تر سفارشتو ثبت کن 🙈 _________________________ #سرینو #آنلاین_شاپ #خرید_از_دبی #سفارش_از_دبی #کیکومیلانو #لوازم_آرایش #سفارشی #sarino #onlineshop #dubai #shopping #kikomilano #beautyset
49,DQbav9rCCRC,ریلز,2025-10-30 13:04,36,1,1390,https://www.instagram.com/p/DQbav9rCCRC/,اين كفش از برند Guess موجود در ايران 😍 فقط كافيه واسه ثبت سفارش بهم دايركت بدى چون ما هرچی كفش داشته باشيم بازم كمه 🙈
50,DQbZJ-1iJe-,اسلایدی,2025-10-30 12:46,12,0,-,https://www.instagram.com/p/DQbZJ-1iJe-/,Tommy Hilfiger ♥️ دُرسی که امسال باید تو کمدتون داشته باشین 😍 من که خیلی دوستش داشتم، شما چی؟ 😎 قیمتش خیلی خوب شده، خیلی سریع هم بدستتون میرسه 🤩 واسه استعلام قیمت، سایز و موجودی بهم دایرکت بده تا دیر نشده 🥸 ___________________________  #سرینو #آنلاین_شاپ #تامی_هیلفیگر #دُرس #سفید #خرید_از_دبی #سفارش_از_دبی #هودی #sarino #onlineshop #sweatshirt #tommyhilfiger #white #dubai #shopping
51,DQY_n3KCKqU,اسلایدی,2025-10-29 14:24,16,1,-,https://www.instagram.com/p/DQY_n3KCKqU/,Tommy Hilfiger 🧡 این کیف رو با این قیمت هیچ جا پیدا نمیکنی 😍 هر چی از سایزش، مدلش، رنگش بگم کم گفتم 🥹 واسه استعلام قیمت، موجودی و ثبت سفارش بهم دایرکت بده 🤩 __________________________  #سرینو #آنلاین_شاپ #کیف #تامی_هیلفیگر #نارنجی #خرید_از_دبی #سفارش_از_دبی #سفارش #sarino #onlineshop #orange #totebag #tommyhilfiger #dubai #shopping
52,DQU81SYCBTj,اسلایدی,2025-10-28 00:43,22,2,-,https://www.instagram.com/p/DQU81SYCBTj/,Lacoste 🐊 فکر کنم اگه این ساعت و رو دست هرکسی ببینم زل بزنم بهش انقدر که رنگ رنگیاشو دوست دارم 🥹 اگه تو هم مثل من دوستش داشتی میتونی قیمتشو تو دایرکت ازم بپرسی و ثبت سفارشتو هم همونجا انجام بدی 🙈 __________________________  #سرینو #آنلاین_شاپ #لاگوست‌ #خرید_از_دبی #سفارش_از_دبی #ساعت #لاکوست #sarino #onlineshop #dubai #shopping #lacoste #watxh
53,DQTWYTNCNu7,اسلایدی,2025-10-27 09:48,25,0,-,https://www.instagram.com/p/DQTWYTNCNu7/,Calvin Klein 🤎 من عاشق ترکیب رنگ مشکی و قهوه‌ایم ولی به شرطی که درست اجرا بشه مثل این کفش 🤌🏽 آقایونی که دنبال کتونی مشکی هستین به نظرم این میتونه گزینه اولتون باشه🙈  قیمتشو توی استوری یا هایلایت پیج میتونید ببینید 🥰 واسه ثبت سفارش یا استعلام موجودی بهم دایرکت بدین 📥 __________________________ #سرینو #آنلاین_شاپ #خرید_از_دبی #سفارش_از_دبی #سفارش #کلوین_کلین #کلوین_کلاین #کتونی #مشکی #sarino #onlineshop #ck #calvinklein #dubai #shopping #sneakers
54,DQL8bfPiJDM,ریلز,2025-10-24 12:50,129,4,4179,https://www.instagram.com/p/DQL8bfPiJDM/,⁨	پیج منو فالو کن تا از تخفیفا و آیتم های هیجان انگیز جا نمونی 🙈 چون من همیشه حواسم به شما، سفارشاتون و تخفیفا هست 😍⁩
55,DQKlvvsCCna,اسلایدی,2025-10-24 00:09,106,17,-,https://www.instagram.com/p/DQKlvvsCCna/,Calvin Klein 🖤 فصل فصلِ کلاه هست و این مدل کلاه ها هم که حسابی پر استفاده هستن هم واسه خانوما هم واسه آقایون 🙈 قیمتشو توی استوری میتونید ببینید ولی همیشه قبل از ثبت سفارش مجدد از من قیمت بگیرید 🥰 توی دایرکت من همه‌ی سوالاتتونو جواب میدم 🤭 ____________________________  #سرینو #آنلاین_شاپ #کلاه #بافت #کلوین_کلین #کلوین_کلاین #مشکی #خرید_از_ایتالیا #سفارش_از_ایتالیا #sarino #onlineshop #ck #calvinklein #hat #knit #black #italy #shopping
56,DQBm6VkFQXJ,اسلایدی,2025-10-20 12:26,82,1,-,https://www.instagram.com/p/DQBm6VkFQXJ/,Nike 🫐 هرچى از خوشكليش بگم كم گفتم 🥹 ويديوشو اسلايد آخر گذاشتم حتما ببينش💙 قيمتشم استورى كردم واست 🙈 تنها كارى كه بايد بكنى اينه كه توى دايركت سفارشتو ثبت کنی 📥 __________________________  #سرينو #آنلاين_شاپ #نایک #نايكى #خريد_از_دبى #سفارش_از_دبى sarino #onlineshop #dubai #shopping #nike #jacket# سفارش#
57,DQBmaVzldTx,اسلایدی,2025-10-20 12:21,77,9,-,https://www.instagram.com/p/DQBmaVzldTx/,Tommy Hilfiger 🍎 رنگش و استایلش کاملا نشون دهنده‌ی برندشه 😍 میتونه خیلی کاربردی و شیک باشه واسه آقایون 🤌🏽 واسه استعلام قیمت و موجودی ، همچنین ثبت سفارش، از طریق دایرکت با من در ارتباط باشین 🙊 ___________________________ #سرینو #آنلاین_شاپ #خرید_از_ایتالیا #سفارش_از_ایتالیا #کفش #کتونی #تامی_هیلفیگر  #سفارشی #sarino #onlineshop #tommyhilfiger #italy #shopping #orderonline #sneakers
58,DP6KNJhiCzk,ریلز,2025-10-17 15:04,437,1,14073,https://www.instagram.com/p/DP6KNJhiCzk/,⁨	خرید همیشه جزو اولویت های هر دختریه اونم تو هر شرایطی، مگه نه؟ 🤭⁩
59,DP4hV1kCAOs,اسلایدی,2025-10-16 23:44,65,15,-,https://www.instagram.com/p/DP4hV1kCAOs/,Ted Baker 🖤 به شخصه همیشه به این کیف به عنوان یه گزینه واسه داشتن کیف مشکی نگاه می‌کنم 🫠  هم خوشکله هم نُقلیه هم کاربردیه 🥹 تازه جزو برندایی هم هست که دست هر کسی نمیبینی 😍 اگه دوستش داشتی از طریق دایرکت میتونی سفارشش‌ بدی 🤍 _________________________ #سرینو #آنلاین_شاپ #خرید_از_دبی #سفارش_از_دبی #سفارش_آنلاین #کیف #تدبیکر #مشکی #sarino #onlineshop #shopping #dubai #bag #crossbodybag #tedbaker
60,DPzUTRWiNfG,ریلز,2025-10-14 23:20,92,4,3993,https://www.instagram.com/p/DPzUTRWiNfG/,شما جزو کدوم دسته‌این؟ 🫠 تو رو خدا اولی باشین 😂
61,DPzUJOUCH44,تک عکس,2025-10-14 23:12,50,3,-,https://www.instagram.com/p/DPzUJOUCH44/,Marc Jacobs 🌸 اگه تا الان نمیدونستین بهتون بگم که شما عطر، گیفت ست، ست های ارایشی، پوستی یا هر چیزی که بخواین رو میتونید به من سفارش بدین 🙆🏽‍♀️ قیمت و مشخصات کامل این ست جذاب رو توی استوری گذاشتم واستون 🥰 واسه ثبت سفارش از طریق دایرکت با من در ارتباط باشید 😍 ______________________ #سرینو #آنلاین_شاپ #عطر #مارک_جیکوبز #گیفت #گیفت_ست #لوسیون #خرید_از_ایتالیا #سفارش_از_ایتالیا #sarino #onlineshop #italy #shopping #marcjacobs #giftset
62,DPqlGd7Edd8,اسلایدی,2025-10-11 13:47,39,1,-,https://www.instagram.com/p/DPqlGd7Edd8/,Guess 🫶🏽 من که میخوام بخرمش فقط امیدوارم بهم بیاد 🤭 ترکیب رنگش و مدلش واقعا دوست داشتنیه 😍 استوریارو نگاه کنید چون میتونید با آیتم های دیگه هم راحت سِتِش کنید 🥳 واسه ثبت سفارش بهم دایرکت بدین 📥 ______________________ #سرینو #آنلاین_شاپ #خرید_از_کانادا #سفارش_از_کانادا #سفارش #کلاه #گس #تخفیف #sarino #onlineshop #canada #shopping #hat #guess
63,DPgJfNVgCaO,اسلایدی,2025-10-07 12:34,46,3,-,https://www.instagram.com/p/DPgJfNVgCaO/,Guess 🤍 یه تیشرت جذاب و خوشگل با تنوع رنگ بالا و قیمت مناسب 😍 چی میخواین دیگه؟ 🥹 قیمت و موجودی سایزشو توی استوری ها میتونید ببینید 🤩 تنخورشو هم میذارم واستون 🙈 واسه ثبت سفارش بهم دایرکت بده 📥 __________________________ #سرینو #آنلاین_شاپ #سفارش_از_کانادا #خرید_از_کانادا #سفارشی #تیشرت #گس #sarino #onlineshop #canada #shopping #tshirt #guess
64,DPdmqZ-iEH5,ریلز,2025-10-06 12:53,389,14,8605,https://www.instagram.com/p/DPdmqZ-iEH5/,حالا شده کفش با سایز اشتباه سفارش بدی؟ 🧐 اگه اره، بهت اطمینان میدم که بعد از این ویدیو دیگه این اتفاق واست نمیوفته🤩
65,DPdiPV0Dqv6,اسلایدی,2025-10-06 12:12,45,17,-,https://www.instagram.com/p/DPdiPV0Dqv6/,Guess 🥥 عاشقش شدم 🥹 خیلی خوشگل و متفاوته 🦦 این مدل زبانه کفش هم که ترنده 🥳 قیمتش خیلی خوب شده و سفارش از دبی هست و خیلی سریع به دستتون میرسه 😍 _________________________ #سرینو #آنلاین_شاپ #دبی #خرید_از_دبی #سفارش_از_دبی #گس #کتونی #کفش #sarino #onlineshop #dubai #shopping #guess #sneakers
66,DPdduP9jo0e,اسلایدی,2025-10-06 11:33,38,5,-,https://www.instagram.com/p/DPdduP9jo0e/,Guess 🤍 بر خلاف سایزش به نظر خیلی جادار میاد 🤌🏽 رنگشم که خیلی کاربردیه مخصوصا واسه استایلای روزمره 🥹 قیمتش عالیییی شده 😍 واسه استعلام قیمت و ثبت سفارش بهم دایرکت بده تا راهنماییت کنم 🦦 ______________________________ #سرینو #آنلاین_شاپ #خرید_از_کانادا #سفارش_از_کانادا #گس #کیف #سفارش_آنلاین #sarino #onlineshop #guess #bag #crossbodybag #canada #shopping
67,DPcXhD3CFNG,اسلایدی,2025-10-06 01:19,34,4,-,https://www.instagram.com/p/DPcXhD3CFNG/,H&M 🦋 آقایون محترم؛ به نظرم که این آیتم واسه پاییز و زمستون، لازمتون میشه  حالا دیگه خود دانین 🙄 از خوش رنگیش که نگم براتون، کاربردی بودن و گرم بودنشم که مشخصه نیازی به گفتن نداره 🤐 ولی بازم اگه نیاز به راهنمایی داشتین من دایرکت در خدمتتون هستم 😌 _____________________ #سرینو #آنلاین_شاپ #خرید_از_دبی #سفارش_از_دبی #اچ_اند_ام #sarino #onlineshop #dubai #shopping #hm
68,DPYgodJiL1j,ریلز,2025-10-04 13:28,104,2,4888,https://www.instagram.com/p/DPYgodJiL1j/,با احترام فراوان به خانواده محترم و دوست‌داشتنیم ولی اگه مامانم همچین چیزی بهتون گفت باور نکنید 😂😂 گل برای گل 🌸 مرسی اه 🫣
69,DPYggbnCPqB,اسلایدی,2025-10-04 13:21,47,3,-,https://www.instagram.com/p/DPYggbnCPqB/,Karl Lagerfeld 😎 حیف که هر مدل عینکی بهم نمیاد وگرنه همه‌ی این عینکارو میخریدم 😞 خیلی خوشگل و متفاوته هم فریمش هم شیشه‌اش 🫠 اگه دوستش داشتی بهم دایرکت بده تا قیمتشو بهت بگم 🥰 ___________________________ #سرینو #آنلاین_شاپ #خرید_از_دبی #سفارش_از_دبی #سفارش_آنلاین #کارل_لاگِرفِلد #عینک #sarino #onlineshop #dubai #shopping #karllagerfeld #sunglasses
70,DPYb70giBCl,اسلایدی,2025-10-04 12:41,39,2,-,https://www.instagram.com/p/DPYb70giBCl/,Guess 🤎 خوش رنگ و کاربردی واسه استفاده روزانه و مهمونی 🥰 ابعادش ۲۰ در ۱۵ هست 🥹 خلاصه که بهش فکر کنید چون خیلی خوشگل و جاداره 🦦 واسه استعلام قیمت و ثبت سفارش بهم دایرکت بدین 😎 ____________________________ #سرینو #آنلاین_شاپ #خرید_از_دبی #سفارش_از_دبی #سفارشی #کیف #کراس_بادی #گس #sarino #onlineshop #dubai #shopping #bag #crossbody #guess
71,DPYV020CAZb,اسلایدی,2025-10-04 11:48,42,9,-,https://www.instagram.com/p/DPYV020CAZb/,H&M 🧥 نگاش می‌کنم سرمای زمستون و حس می‌کنم ولی گرمم میشه 🥶🔥 قیمتش خیلی خوب شده و همه‌ی سایزاشم موجوده 🤯 الان دیگه وقت خرید آیتم های زمستونس 😍 واسه ثبت سفارش و استعلام قیمت از طریق دایرکت باهام در ارتباط باشید 📥 __________________________ #سرینو #آنلاین_شاپ #خرید_از_دبی #سفارش_آنلاین #سفارش_از_دبی #اچ_اند_ام #کاپشن #کت #پافر #sarino #onlineshop #dubai #shopping #hm #jacket
72,DPQxlXBCDkz,اسلایدی,2025-10-01 13:16,23,3,-,https://www.instagram.com/p/DPQxlXBCDkz/,Calvin Klein 🤍 جزو کراپ های ورزشی بود که تا دیدم عاشقش شدم 😍 خوش قیمت، با کیفیت و پر استفاده 😎 قیمتشو استوری کردم ولی به دلیل نوسان ارز دوباره ازم قیمت بگیر 🦦 واسه ثبت سفارش هم از طریق دایرکت باهام در ارتباط باش 🥰 ________________________ #سرینو #آنلاین_شاپ #خرید_از_دبی #سفارش_از_دبی #کراپ #ورزشی #کلوین_کلاین #sarino #onlineshop #dubai #shopping #croptop #sports #ck #calvinklein
73,DPO1eRviC6S,اسلایدی,2025-09-30 19:12,34,13,-,https://www.instagram.com/p/DPO1eRviC6S/,Veja 🫠🤍 وجا جزو کفش هاییست که بسیار دوستش میدارم 🥹 واقعا در اوج سادگی قشنگه 😍 استوری ها رو چک کن که بعضی مدلا خیلی خوب تخفیف خوردن 😎 اگه مدل خاصی هم مد نظرت بود حتما واسم بفرست تا با بهترین قیمت واست پیداش کنم 🤩 ______________________________ #سرینو #آنلاین_شاپ #خرید_از_دبی #سفارش_از_دبی #وجا #کفش #کتونی #سفارش_آنلاین #خرید_آنلاین #sarino #onlineshop #dubai #shopping #veja #sneakers
74,DPKYfFPCDhQ,ریلز,2025-09-29 01:42,62,3,1914,https://www.instagram.com/p/DPKYfFPCDhQ/,کفش جدید سفارش بدی، یک هفته‌ای هم بدستت برسه 😍  چی از این بهتر؟؟  کفش نایک مدل Downshifter 13 رو میتونید در سایزها و رنگ‌های مختلف سفارش بدید 😎👌🏽 ______________________ #سرینو #آنلاین_شاپ #نایک #خرید_از_دبی #سفارش_از_دبی #نایکی #کتونی #کفش #sarino #onlineshop #dubai #shopping #nike #sportshoes
75,DPJ8dwHCMq1,اسلایدی,2025-09-28 21:37,43,7,-,https://www.instagram.com/p/DPJ8dwHCMq1/,Tommy Hilfiger ♥️ به نظرم واسه آقایونی که از دستبند استفاده میکنن میتونه کادوی خیلی خوب و مناسبی باشه 😍 قیمتشو توی دایرکت ازم بپرس 🥰 اگه خواستی مدلای بیشترشو هم واست میفرستم تا بتونی انتخاب کنی 😎 ____________________________ #سرینو #آنلاین_شاپ #دستبند #سفارش_از_دبی #خرید_از_دبی #تامی_هیلفیگر #خرید #سفارش_آنلاین #sarino #onlineshop #bracelet #tommyhilfiger #dubai #shopping
76,DPI9hJjiPel,اسلایدی,2025-09-28 12:27,26,1,-,https://www.instagram.com/p/DPI9hJjiPel/,Clinique 💫 این پک کوچیک ولی همه‌کاره‌ست 😍 ✨ بالم Take The Day Off برای پاک کردن آرایش ✨ ریمل High Impact برای مژه‌های خوشگل ✨ رژ Almost Lipstick توی رنگ معروف Black Honey همه‌ش توی یه جعبه‌ جمع‌وجور که میتونی هرجا با خودت ببری 🚀 واسه استعلام قیمت و موجودی از طریق دایرکت باهام در ارتباط باش 🥰 ______________________ #سرینو #آنلاین_شاپ #خرید_از_ایتالیا #سفارش_از_ایتالیا #کلینیک #آرایشی #مراقبت_پوست #sarino #onlineshop #italy #shopping #clinique #زیبایی #مراقبت_روزانه
77,DPA40L5CIap,اسلایدی,2025-09-25 09:12,32,3,-,https://www.instagram.com/p/DPA40L5CIap/,Karl Lagerfeld 🕶️ این کفش از اون کفشاییه که نباید از دستش بدی 🤩 از اوناییه که اگه out of stock بشه، دلت میسوزه که چرا زودتر واسه خریدش اقدام نکردی 🫠 مخصوصا الان که علاوه بر ۳۰ درصد تخفیف خودش، ۲۵ درصد هم اکسترا آف خورده 🤯 قیمتشو توی استوری گذاشتم، اما به دلیل نوسان ارز مجدد ازم قیمت بگیر، من توی دایرکت راهنماییت می‌کنم 😍 ________________________ #سرینو #آنلاین_شاپ #خرید_از_کانادا #سفارش_از_کانادا #کفش #کارل_لاگِرفِلد #sarino #shopping #online_ahop #karllagerfeld #sneakers #canada
78,DO-ql5LiKUY,اسلایدی,2025-09-24 12:29,19,3,-,https://www.instagram.com/p/DO-ql5LiKUY/,Michael Kors 🙆🏻‍♂️ این پست شامل یک مدل هودی آستین کوتاه و یک مدل سویشرت از برند مایکل کورس هست ☺️ من مایکل کورس رو از کانادا واستون سفارش میدم که ارزون تر از بقیه جاها باشه 🥰 این ۲ مدل هم الان توی اکسترا آف هستن 😇 برای استعلام قیمت، موجودی و سایز از طریق دایرکت با من در ارتباط باشین📥 _________________________ #سرینو #آنلاین_شاپ #کانادا #خرید_از_کانادا #سفارش_از_کانادا #مایکل_کورس #مردانه #هودی #سویشرت #sarino #onlineshop #canada #shopping #michaelkors #hoodie #sweatshirt
79,DO9L89eCImH,اسلایدی,2025-09-23 22:42,38,2,-,https://www.instagram.com/p/DO9L89eCImH/,Gym Shark 🦈 جیم شارک کانادا یه تخفیف فوق العاده داره که حیفه استفاده نکنید 😝 این کیف نُقلی رو نگاه کنید آخه با این رنگ بندی جذاب 🥹 مشکیش میتونه خیلی کاربردی باشه 👌🏽 هر چیزی از این برند خواستین میتونید بهم بگید یا لینک واسم بفرستین من سعی می‌کنم به بهترین شکل رانماییتون کنم 🥰 قیمت این کیف رو هم توی استوری میتونید ببینید 😌 اما به دلیل نوسان ارز لطفا قبل از ثبت سفارش مجدد قیمت بگیرید ازم 📈 ______________________________ #سرینو #آنلاین_شاپ #کانادا #خرید_از_کانادا #سفارش_از_کانادا #جیم_شارک #خرید_آنلاین #sarino #onlineshop #gymshark #bag #canada #shopping #کیف
80,DO0aWrWCEcC,ریلز,2025-09-20 13:13,55,7,1438,https://www.instagram.com/p/DO0aWrWCEcC/,زیبا نیست؟ 🥹 ویدئوشو یکم دیر گذاشتم ولی چیزی از ارزش و زیباییش کم نمیکنه 😍 قیمتش عالیه پس واسه ثبت سفارش بهم دایرکت بده 🥰 ________________________ #سرینو #آنلاین_شاپ #خرید_از_ایتالیا #سفارش_از_ایتالیا #ساعت #دی_کی_ان_وای #sarino #onlineshop #italy #shopping #watch #dkny
81,DO6Im8sCKAM,اسلایدی,2025-09-22 18:15,39,10,-,https://www.instagram.com/p/DO6Im8sCKAM/,Puma 👟 من که عاشق ترکیب رنگش شدم، شما رو نمی‌دونم 😍 کتونی پوما به این خوشگلی دیده بودین؟ 🥹 تازه قیمتشم استثنائی شده 🤩 واسه استعلام قیمت و موجودی بهم دایرکت بده اگه واسه سایز هم نیاز به راهنمایی داشتی کمکت می‌کنم 🥰  ثبت سفارش هم از طریق دایرکت انجام میشه 📥 ________________________ #سرینو #آنلاین_شاپ #سفارش_از_دبی #خرید_از_دبی #پوما #کتونی #مردانه #تخفیف #sarino #onlineshop #puma #sneakers #dubai
82,DO3qkk5CI2F,اسلایدی,2025-09-21 19:14,25,1,-,https://www.instagram.com/p/DO3qkk5CI2F/,Tommy Hilfiger 🙊 به نظرم توی استایل اقایون رنگای قهوه‌ای ، مشکی و سورمه‌ای حرف اول و میزنن 🥰 این مدل کمربند از برند تامی هیلفیگر خیلی جذاب و کاربردی هستن 👖 از طریق دایرکت میتونید واسه استعلام قیمت و موجودی با من در ارتباط باشید 🙈  ___________________ #سرینو #آنلاین_شاپ #خرید_از_دبی #سفارش_آنلاین #سفارش_از_دبی #کمربند #قهوه‌ای #مشکی #مردانه #تامی_هیلفیگر #sarino #onlineshop #tommyhilfiger #belt #dubai
83,DO0ZShGCFxE,اسلایدی,2025-09-20 12:45,27,6,-,https://www.instagram.com/p/DO0ZShGCFxE/,Oysho 🤌🏽 این شلوارای اویشو این روزا خیلی ترند شدن 😍 دیگه اویشو رو از ترکیه سفارش نده چون من از ایتالیا با بهترین قیمت واست ثبت سفارش میکنم 💸 این مدل رنگ کرم و طوسی داره که خیلی خوشکله 🫠 یه مدل دیگشم هست که پیلی از بغل داره بهم دایرکت بده تا عکساشو واست بفرستم 🥰 واسه استعلام قیمت و موجودی و راهنمایی سایز هم من توی دایرکت کمکت میکنم ☺️ ______________________ #سرینو #آنلاین_شاپ #اویشو #شلوار #ترتد #خرید_از_ایتالیا #سفارش_از_ایتالیا #sarino #onlineshop #oysho #italy #shopping #trousers
84,DO0J2t0iOnx,اسلایدی,2025-09-20 10:30,31,13,-,https://www.instagram.com/p/DO0J2t0iOnx/,Just Cavali 🐍 من خودم به شخصه عاشق این مدل ساعتم 🫠 رنگش سیلور و رزگلده و خیلی راحت سِت میشه 😍 مهم تر از اون مدلشه که هم با تیپ اسپورت استایل میشه هم مجلسی ⌚️ واسه استعلام قیمت و موجودی بهم دایرکت بده 📥 اگه مدل های بیشترم خواستی واست میفرستم 🙈 ________________________ #سرینو #آنلاین_شاپ #سفارش_از_ایتالیا #خرید_از_ایتالیا #ساعت #جاست_کاوالی #sarino #onlineshop #italy #watch #justcavalli
85,DOlHgEwCEyU,اسلایدی,2025-09-14 14:21,41,2,-,https://www.instagram.com/p/DOlHgEwCEyU/,Nike Kids Tracksuit 🎾  میدونستین که واسه کوچولوهاتوتم هر چیزی که لازم داشته باشید میتونید به من سفارش بدین؟ 😍 قیمت این کار رو میتونید توی استوری ببینید ☺️ و مثل همیشه واسه استعلام سایز و ثبت سفارش میتونید از طریق دایرکت با من در ارتباط باشید 😇 ______________________ #سرینو #آنلاین_شاپ #سفارش_آنلاین #سفارش_از_دبی #خرید_از_دبی #نایک #نایکی #بچهگانه #لباس_ورزشی #sarino #onlineshop #dubai #nike #tracksuit #sport #kids
86,DOdTdnniMTZ,اسلایدی,2025-09-11 13:32,43,4,-,https://www.instagram.com/p/DOdTdnniMTZ/,Love Moschino 🤍 و من باز هم عاشق شدم 🫠 آخه کتونی انقدر خوشگل؟؟؟ 😍 حال میکنید چیا واستون پیدا می‌کنم؟؟ اینجا آیتم های تکراری نمیبینید 😏 تخفیفش یک روزه هست ، واسه دیدن قیمتش استوری رو چک کن، و واسه استعلام موجودی و ثبت سفارش بهم دایرکت بده 🥰 ______________________ #سرینو #آنلاین_شاپ #خرید_از_ایتالیا #سفارش_از_ایتالیا #ایتالیا #کفش #کتونی #ماسکینو #لاو_ماسکینو #sarino #onlineshop #italy #sneakers #lovemoschino #moschino
87,DOdIogniG_M,ریلز,2025-09-11 12:11,74,7,2531,https://www.instagram.com/p/DOdIogniG_M/,روزای آخر تابستونه و تا میتونید دریا برید و آفتاب بگیرید و لذت ببرید 🥲🌊☀️🧴🕶️
88,DOWqwtOCJV3,اسلایدی,2025-09-08 23:41,34,3,-,https://www.instagram.com/p/DOWqwtOCJV3/,Versace 👑 ساعت های ورساچه واقعا دوستداشتنین 🥹 از زیبایی و ظرافت این مدل هم که نگم براتون 😍 قیمتشو توی استوری گذاشتم واستون ، سفارش از ایتالیاست و تخفیفش محدوده پس از دستش ندین 🤌🏽 ____________________________ #سرینو #آنلاین_شاپ #سفارش_آنلاین #سفارش_از_ایتالیا #خرید_از_ایتالیا #ساعت #ورساچه #sarino #onlineshop #shopping #versace #watch
89,DORzlYeiI1m,اسلایدی,2025-09-07 02:22,31,1,-,https://www.instagram.com/p/DORzlYeiI1m/,DKNY 💞 جزو برندای دوست داشتنی و مورد علاقه‌ی خودمه 🥹 علاوه بر اون من عاشق این مدل کیف هم هستم 🤭 رنگشم که نگم دیگه بی نظیره 😍 قیمتشو توی استوری میتونی ببینی 🥰 واسه ثبت سفارش و استعلام موجودی و قیمت لحظه‌ای هم از طریق دایرکت میتونی باهام در ارتباط باشی 💖 _____________________________ #سرینو #آنلاین_شاپ #خرید #خرید_از_ایتالیا #سفارش_آنلاین #سفارشی #سفارش_از_ایتالیا #ایتالیا #کیف #صورتی #sarino #onlineshop #italy #pink #bag #dkny #shopping
90,DORwVl0iGAY,اسلایدی,2025-09-07 01:53,33,4,-,https://www.instagram.com/p/DORwVl0iGAY/,ببینید چی آف خورده دوباره 😍  البته تخفیفش محدوده ❌ رنگش فوق‌العاده خوشگل و پرکاربرده 🥹 واسه استعلام قیمت و موجودی بهم دایرکت بده 📥 واسه دیدن مدل های بیشتر استوری و هایلایت‌ها رو چک کن ☺️ ________________________ #سرینو #آنلاین_شاپ #کلوین_کلین #کلوین_کلاین #کفش #کتونی #کرمی #خرید_از_ایتالیا #سفارش_آنلاین #سفارشی #سفارش_از_ایتالیا #sarino #onlineshop #italy #ck #calvinklein #sneakers #beige
91,DOOpogpiFv7,ریلز,2025-09-05 20:58,206,7,5630,https://www.instagram.com/p/DOOpogpiFv7/,⁨	⁨	زندگی ایده‌آل شما چه شکلیه؟ 🤭⁩⁩
92,DOLhLbNiMFk,اسلایدی,2025-09-04 15:45,22,5,-,https://www.instagram.com/p/DOLhLbNiMFk/,Marc Jacobs 🕶️ زیادی خوشگل نیست؟ 🥹 یه فریم خاص با رنگ متفاوت 🤭 اسلاید آخر فیلمشو هم گذاشتم واستون 🤗 برای استعلام قیمت و موجودی بهم دایرکت بدین 🥰 ______________________  #سرینو #آنلاین_شاپ #خرید_از_دبی #سفارش_از_دبی #مارک_جیکوبز #عینک #عینک_آفتابی #sarino #onlineshop #dubai #glasses #sunglasses #marcjacobs #shopping
93,DOKLKTRCIVt,اسلایدی,2025-09-04 03:14,21,2,-,https://www.instagram.com/p/DOKLKTRCIVt/,Calvin Klein 🌸 به نظرم دُرس صورتی چیزیه که باید تو کمد هر دختری باشه 🙈 پس میتونی از الان واسه پاییز و زمستون به داشتنش فکر کنی 😍 واسه استعلام قیمت و موجودی از طریق دایرکت با من در ارتباط باشین 🥰  ____________________ #سرینو #آنلاین_شاپ #خرید_از_دبی #سفارش_از_دبی #سفارش_آنلاین #کلوین_کلین #کلوین_کلاین #دُرس #هودی #صورتی #sarino #onlineshop #dubai #shopping #ck #calvinklein #pink #hoodie #sweatshirt
94,DOHan9lCJTK,اسلایدی,2025-09-03 01:31,17,0,-,https://www.instagram.com/p/DOHan9lCJTK/,KURT GEIGER 🦚 جزو برنداييه كه خدا رو شكر كمتر كسى توى ايران ميشناستش وانقدر دوستش دارم كه دلم مى خواد ماله خودم باشه فقط🥹 و شما البته😌🙈 آخه شما این عسل جذاب رو نگاه کنید 😍 واسه استعلام قیمت و موجودی، از طریق دایرکت با من در ارتباط باشین 🥰
95,DOBBLP4iKCA,اسلایدی,2025-08-31 13:53,26,3,-,https://www.instagram.com/p/DOBBLP4iKCA/,کوله‌پشتی کراکس رو دیده بودین؟؟ 🙈 جای ۲۹تا جیبیتز داره که میتونه از اینی که هست حتی خوشگل‌ترش کنه 😍 ساده، کاربردی، متفاوت 🥹 من فقط توی استور کانادا تونستم پیداش کنم و رنگ مشکیش الان ۱۵ درصد تخفیف داره 🤩 واسه اطلاع از قیمت و ثبت سفارش بهم دایرکت بدین 🥰 _______________________  #سرینو #آنلاین_شاپ #خرید_از_کانادا #سفارش_از_کانادا #کانادا #کراکس #کیف #کوله_پشتی #مشکی #sarino #onlineshop #canada #crocs #backpack #black
96,DN5wy-5CBZt,اسلایدی,2025-08-28 18:15,22,2,-,https://www.instagram.com/p/DN5wy-5CBZt/,Calvin Klein Tshirt 👕 من که خودم عاشق ترکیب رنگ آبی و صورتی‌ام 💕 این تیشرت کلوین هم واقعا عسله 🍯 قیمتش توی استوری هست ولی به خاطر نوسان ارز مجدد قیمت بگیرین ازم🫠 ________________________  #سرینو #آنلاین_شاپ #خرید_از_ایتالیا #سفارش_از_ایتالیا #سفارش_آنلاین #تیشرت #کلوین_کلاین #sarino #onlineshop #shopping #italy #tshirt #ck #calvinklein
97,DN0xfErUOMt,ریلز,2025-08-26 19:46,110,5,3996,https://www.instagram.com/p/DN0xfErUOMt/,شما سِت می‌کنید یا حسادت؟ 🤫  اینجا شما میتونید هر آیتمی که دوست دارید رو واسه خودتون و دوستاتون به من سفارش بدین و من سعی می‌کنم در سریع ترین زمان ممکن به دستتون برسونم😍 منو به دوستاتون معرفی کنید تا با هم کلی خرید هیجان انگیز داشته باشیم🥹  ___________________ #سرینو #آنلاین_شاپ #sarino #onlineshop #خرید_از_دبی #خرید_از_ایتالیا #سفارش_از_دبی #dubai #سفارش_مستقیم #ارسال_به_ایران #italy #guess #گس #تیشرت #دوستانه #دوست
98,DN0kdjPUNzh,اسلایدی,2025-08-26 17:51,21,0,-,https://www.instagram.com/p/DN0kdjPUNzh/,Chiara Ferragni 💕 یه کیف متفاوت از برند کیارا 😍 اسلاید آخر کف کیف رو ببینید واقعا دل میبره 🥹🤌🏽  قیمتشو توی استوری گذاشتم حتما چک کنید چون مدل های بیشتر هم اونجا هست 🫨 واسه سفارش هم دایرکت بهم پیام بدین 😊 _________________________ #سرینو #آنلاین_شاپ #سفارش_از_ایتالیا #خرید_از_ایتالیا #ایتالیا #کیارا_فرانی #کیف #مشکی #sarino #onlineshop #chiaraferragni #bag #black #italyshop
99,DNyQgCXUN3Q,اسلایدی,2025-08-25 20:19,18,1,-,https://www.instagram.com/p/DNyQgCXUN3Q/,Tommy Jeans ♥️ خوشگل ، خوش قیمت ٫ کاربردی 🫨 خودم که دارم به خریدش فکر می‌کنم چون قیمتش عالی شده 🫢 قیمتشو میتونی توی استوری ببینی ولی تخفیفش محدوده 🤯 واسه سفارش هم بهم دایرکت بده 📥 _______________________  #سرینو #آنلاین_شاپ #خرید_از_دبی #سفارش_از_دبی #سفارش_آنلاین #تامی #تامی_هیلفیگر #تامی_جینز #کراپ #تاپ #کراپ_آستین_بلند  #sarino #onlineshop #tommy #tommyjeans #tommyhilfiger #croptop #crop
100,DNtRXGo0D93,اسلایدی,2025-08-23 21:50,23,6,-,https://www.instagram.com/p/DNtRXGo0D93/,Polo Ralph Lauren 🏇 من خودم عاشق کیفای شیشه‌ایم مخصوصا واسه تابستونو دریا 🌊☀️ حالا دیگه فکر کن انقدر خوشگل و خوشرنگم باشه 🥹🩵 قیمتشو توی استوری گذاشتم واستون 🥰 سفارش از ایتالیا هست و واسه ثبت سفارش دایرکت بهم پیام بده 📥  ____________________________ #سرینو #آنلاین_شاپ #خرید_از_ایتالیا #سفارش_از_ایتالیا #پولو #کیف #تابستون #آبی #sarino #onlineshop #dubai #bag #blue #italy
101,DNs4RXh0Nm-,ریلز,2025-08-23 18:19,140,16,3853,https://www.instagram.com/p/DNs4RXh0Nm-/,اگه شما هم مثل من برند گِس رو دوست دارید ، قراره که با دیدن این ویدئو کلی ذوق کنید 🥹😍 موجودی آیتم ها رو باید چک منم واستون پس اگه دوستشون داشتین واسه قیمتش دایرکت بهم پیام بدین 🫢🤗  _____________________________ #سرینو #آنلاین_شاپ #گِس #کفش #تیشرت #سفارش_از_دبی #خرید_از_دبی #sarino #onlineshop #dubai #سفارش_مستقیم #Guess #guessfactory #ارسال_به_ایران
102,DNdMuERI9mi,اسلایدی,2025-08-17 16:01,30,4,-,https://www.instagram.com/p/DNdMuERI9mi/,CALVIN KLEIN SUNGLASSES 😎 خیلی کیوت و جذابه مخصوصا واسه تابستون و استایل های خاص 😍 اگه دوست داری عینک آفتابی با یه رنگ خاص داشته باشی این بهترین گزینه‌است 🥹🤌🏽  قیمتشو توی دایرکت میتونی ازم بپرسی واسه ثبت سفارش هم همونجا راهنماییت می‌کنم 🥰  _________________________ #سرینو #آنلاین_شاپ #خرید_از_دبی #سفارش_از_دبی #سفارش_آنلاین #کلوین_کلاین #عینک_آفتابی #sarino #onlineshop #dubai #sunglasses #calvinklein #ck
103,DNTM1vpoR1x,اسلایدی,2025-08-13 18:50,28,4,-,https://www.instagram.com/p/DNTM1vpoR1x/,خوشگل‌ترین - با کیفیت‌ترین - جادارترین - جذاب‌ترین - خوش‌رنگ‌ترین …. کیف ورزشی که میتونی داشته باشی از برند محبوب OYSHO 🥹🤍 رنگ مشکیش هم موجوده 😍 قیمتشو توی استوری ها میتونی چک کنی  ثبت سفارش رو هم من توی دایرکت براتون انجام میدم 📨 ____________________  #سرینو #آنلاین_شاپ #خرید_از_دبی #دبی #سفارش_از_دبی #کیف_باشگاه #کیف_ورزشی #اویشو #sarino #onlineshop #dubai #oysho #bag #sportbag
104,DNJTs5MI_Ah,اسلایدی,2025-08-09 22:38,30,0,-,https://www.instagram.com/p/DNJTs5MI_Ah/,Jack&Jones 🐼 مردونه‌، خوش قیمت و مهم تر از همه کاربردی 🤭 قیمتشو توی استوری ها گذاشتم میتونید ببینید و مدل های دیگه رو هم در کنارش میتونید مقایسه کنید 📉📈 واسه سفارش و راهنمایی در مورد سایز بندی من توی دایرکت میتونم کمکتون کنم 📥  __________________________ #سرینو #آنلاین_شاپ #خرید_از_دبی #کفش #سفارش_از_دبی #sarino #dubai #onlineshop #jackandjones #shoes #sneakers
105,DND8D0coOuS,اسلایدی,2025-08-07 20:35,25,0,-,https://www.instagram.com/p/DND8D0coOuS/,Calvin Klein Performance 🏋🏽‍♀️ اکسترا آف کلوین کلاین رو از دست ندین 🤭 این تخفیفا فقط تا ۲ روزه دیگه روی سایت هستن 🫨 قیمت همه‌ی نیم تنه‌ها رو توی استوری‌ها میتونید ببینید به جز اسلاید آخر 🤤  ___________________ #سرینو #آنلاین_شاپ #کلوین_کلاین #خرید_از_ایتالیا #سفارش_از_ایتالیا #sarino #onlineshop #calvinklein #ck #calvinkleinperformance #gym #باشگاه #نیم_تنه
106,DNDDL3oIyG7,اسلایدی,2025-08-07 12:18,20,0,-,https://www.instagram.com/p/DNDDL3oIyG7/,Calvin Klein 🤍 یه Heels شیک و کاربردی که توی کند هر دختری باید باشه 🤌🏽 قیمتشو توی استوری میتونی ببینی 🥹 واسه ثبت سفارششم بهم دایرکت بده 📥 _____________________  #سرینو #آنلاین_شاپ #کلوین_کلاین #کفش_پاشنه_بلند #خرید_از_ایتالیا #سفارش_از_ایتالیا #sarino #onlineshop #calvinklein #ck #high_heels #black #italy #shopping
107,DNBc1RaI4Pv,ریلز,2025-08-06 21:30,111,26,6094,https://www.instagram.com/p/DNBc1RaI4Pv/,آنباکس اولین سفارشی که توی پیج ثبت کردم 🥹 بعد از فقط یک هفته رسید و کلی ذوق کردم واسش 🥳 ممنونم از اعتمادتون به من و مرسی واسه این حس و حال خوب 😍 امیدوارم بتونم توی همه‌ی لحظه‌های قشنگتون شریک باشم 🥰  ____________________________ #سرینو #آنلاین_شاپ #sarino #خرید_از_دبی #onlineshop #خرید_از_ایتالیا #سفارش_مستقیم #سفارش_از_دبی #ارسال_به_ایران #dubai #نایکی #نایک #کفش #آنباکس #nike #unbox #sportshoe
108,DNA1IZ9oMJa,اسلایدی,2025-08-06 15:37,29,2,-,https://www.instagram.com/p/DNA1IZ9oMJa/,DKNY Limited Sale 🏷️ اگه دنبال یه کیف مشکی ساده میگردی که بتونی روزانه ازش استفاده کنی این بهترین انتخابه 🖤😍 تایم تخفیفش خیلی خیلی محدوده 😵  ________________________________ #سرینو #آنلاین_شاپ #خرید_از_دبی #خرید_از_ایتالیا #کیف #مشکی #sarino #online shop #shopping #dubai #italy #dkny #crossbodybag #camerabag #black
109,DM785YxoOto,اسلایدی,2025-08-04 18:08,20,7,-,https://www.instagram.com/p/DM785YxoOto/,✨ ست مراقبت از مو Hairburst ✨ شامل شامپو، نرم‌کننده و اسپری Volume & Growth Elixir 👩🏽‍🦱 مخصوص تقویت رشد مو، افزایش ضخامت و حجم 💖 مناسب موهای نازک، ضعیف یا آسیب‌دیده 🌱 حاوی ترکیبات مغذی مثل بیوتین و کافئین بدون سولفات و پارابن – مناسب استفاده روزانه  📦 انتخابی عالی برای کسایی که دنبال موهای بلندتر، قوی‌تر و سالم‌تر هستن  __________________________ #سرینو #آنلاین_شاپ #خرید_از_دبی #شامپو #تقویت_مو #هدیه #sarino #onlineshop #dubai #shampoo #gift #shopping #hairburst
110,DM745j6o6l3,اسلایدی,2025-08-04 17:33,26,0,-,https://www.instagram.com/p/DM745j6o6l3/,یه لباس خاص و جذاب و متفاوت واسه تابستون 🧡 رنگش بی نظیره مخصوصا واسه پوست برنز 🤌🏽 البته رنگای دیگه هم داره 😍 اگه خواستی میتونی دایرکت بدی تا من رنگاشو واست بفرستم + قیمت🍊  _____________________________ #سرینو #آنلاین_شاپ #نارنجی #خرید_از_دبی #لباس_تابستانه #sarino #onlineshop #orange #shein #dubai #شین
111,DM3D3VVI43s,اسلایدی,2025-08-02 20:33,27,4,-,https://www.instagram.com/p/DM3D3VVI43s/,کفشی راحت تر از UltraBoost آدیداس به چشم ندیدم 🤌🏽 شما اگه تجربه کفش راحت تری داشتین واسم کامنت کنید 😎 قیمتشو تو استوری ها میتونی ببینی 🤩  واسه سفارش هم میتونی بهم دایرکت بدی 📥  __________________________ #سرینو #آنلاین_شاپ #آدیداس #اولترابوست #خرید_از_دبی #sarino #onlineshop #adidas #ultraboost #dubai #shopping
112,DM2FCuDIRMi,اسلایدی,2025-08-02 11:24,23,2,-,https://www.instagram.com/p/DM2FCuDIRMi/,از اون خریدایی میشه که هر بار نگاش میکنی، مطمئن میشی تصمیم درستی گرفتی 😎  ساعت از برند Armani Exchange ساده و شیک🖤 قیمتشو تو استوری میذارم واست 🤩  __________________________________ #سرینو #آنلاین_شاپ #ساعت #ساعت_مردانه #خرید_از_دبی #خرید_از_ایتالیا #sarino #onlineshop #watch #armaniexchange #shopping
113,DMxlOcXI4cu,ریلز,2025-07-31 17:30,40,1,3259,https://www.instagram.com/p/DMxlOcXI4cu/,قیمتشو آخر ویدئو گذاشتم، ۱۵٪ تخفیفم داره تازه! 😵‍💫 از برند خوب و محبوب Moschino 🫠 حاضری بخریش؟؟؟ ____________________  #سرینو #آنلاین_شاپ #sarino #خرید_از_دبی #onlineshop #خرید_از_ایتالیا #سفارش_مستقیم #سفارش_از_دبی #ارسال_به_ایران #Moschino #expensivebag
114,DMvPEOto9Cp,اسلایدی,2025-07-30 19:37,27,2,-,https://www.instagram.com/p/DMvPEOto9Cp/,دیگه از این کامل تر؟! 😍 کافیه از یکی از رایحه های Bath & Body Works خوشت بیاد، هرچیزی که لازم داشته باشی رو میتونی ازش تهیه کنی 🥳 مورد علاقه‌ی خودم همین سری Into The Night هست که بوش شیرینه ولی نه یه بوی ساده،‌ بلکه با عمق و پیچیدگی میشه گفت شبیه عطرهایی مثل YSL Black Opium یا Lancôme La Nuit Trésor هست 🌙🖤 ________________________________ #sarino #onlineshop #italy #dubai #shopping #bathandbody #bathandbodyworks #سرینو #آنلاین_شاپ #خرید_از_دبی #خرید_از_ایتالیا #خرید_مستقیم
115,DMupLArIhlf,اسلایدی,2025-07-30 14:06,22,1,-,https://www.instagram.com/p/DMupLArIhlf/,کیفی که دست هر کسی نمیبینی 💁🏽‍♀️ سفارش از ایتالیا 🇮🇹 واسه قیمتش استوری یا هایلایت رو چک کن🥰  واسه سفارشم که مثل همیشه میتونی دایرکت بهم پیام بدی 📥  ______________________________________  #سرینو #آنلاین_شاپ #خرید_از_ایتالیا #خرید_از_دبی #سفارش_مستقیم #کیف #ولنتینو #sarino #onlineshop #italy #dubai #handbag #crossbodybag #Valentino #ValentinoBags #Mariovalentino
116,DMpvKHcojIv,اسلایدی,2025-07-28 16:22,24,3,-,https://www.instagram.com/p/DMpvKHcojIv/,سِیوِش کن تا گمش نکنی 🤭 چون این سِت پرکاربرد Kiko خیلی خوش قیمت شده و الان وقت خریدشه💄 قیمتشو توی استوری میتونی ببینی 🥳  واسه ثبت سفارش بهم دایرکت بده 🥰  _________________________________ #سرینو #آنلاین_شاپ #آنلاین_شاپ_آرایشی #کیکو #sarino #onlineshop #kikomilano #cosmetics #خرید_از_دبی
117,DMnJWGxIIP4,اسلایدی,2025-07-27 16:13,28,2,-,https://www.instagram.com/p/DMnJWGxIIP4/,قیمتش عالی شده 🤯 از دستش نده 🫣  کتونی از برند Mario Valentino 🤌🏽🤍 قیمتشو میتونی توی استوری ببینی واسه سفارش دایرکت بهم پیام بده 🥳  ___________________________________________ #سرینو #آنلاین_شاپ #ولنتینو #ماریو_ولنتینو #خرید_از_دبی #Sarino #OnlineShop #Valentino #MarioValentino #DubaiShopping #Sneakers #کتونی
118,DMhx9yOIy-O,ریلز,2025-07-25 14:15,35,11,2227,https://www.instagram.com/p/DMhx9yOIy-O/,کاربردی‌ترین تیشرتی که می‌تونی تو کمدت داشته باشی 🤍 مینیمال، باکیفیت و همه‌جا‌پوش!  هر چیزی که بخوای رو از دبی و ایتالیا برات میارم… فقط کافیه دایرکت بدی و بگی چی می‌خوای 📩 _________________________________________  #تیشرت_مینیمال #استایل_روزمره #خرید_از_دبی #خرید_از_ایتالیا #لباس_اورجینال #تیشرت_گس #مد_روز #استایل_خاص #آنلاین_شاپ #سرینو #guessstyle #minimalfashion #casuallook #dubaihaul #italyshopping #luxuryclothing #sarino_shop
119,DMaZnssIcVH,تک عکس,2025-07-22 17:25,35,13,-,https://www.instagram.com/p/DMaZnssIcVH/,⁨	This is the start of something New 😍 به «سَرینو» خوش اومدین 💫 من سریر هستم و اینجام تا با هم کلی تجربه‌ی خرید جدید، قشنگ و هیجان‌انگیز بسازیم! 🦋  🔹 من آیتم‌های تخفیف‌خورده رو توی استوری باهاتون به اشتراک می‌ذارم 🔹 شما هم اگه محصول خاصی مدنظرتون بود، فقط کافیه لینک‌شو از استور‌های دبی یا ایتالیا برام بفرستین من خرید رو براتون انجام می‌دم و تا رسیدن بسته کنار شما هستم 📦✈️  📩 برای ثبت سفارش و سوالات، از طریق دایرکت با من در تماس باشین  ________________________________ #سفارش_آنلاین #سفارش_از_دبی #سفارش_از_ایتالیا  #خرید_بدون_واسطه #آنلاین_شاپ #سرینو #sarino  #ارسال_به_ایران #سفارش_مستقیم #خرید_مطمئن  #معرفی_پیج #لوگوی_جدید #پیج_جدید⁩
